{
	"materials": [],
	"meshes": [
		{
			"name": "s_001",
			"id": "8fdfc0e5-34c6-434f-a1f5-c8077e0c5285",
			"uniqueId": 129,
			"type": "Mesh",
			"position": [
				0,
				165.0000457763672,
				-0.00003814697265625
			],
			"rotationQuaternion": [
				0,
				-1,
				0,
				1.6292068494294654e-7
			],
			"scaling": [
				1,
				1,
				1
			],
			"localMatrix": {
				"0": 1,
				"1": 0,
				"2": 0,
				"3": 0,
				"4": 0,
				"5": 1,
				"6": 0,
				"7": 0,
				"8": 0,
				"9": 0,
				"10": 1,
				"11": 0,
				"12": 0,
				"13": 0,
				"14": 0,
				"15": 1
			},
			"isEnabled": true,
			"isVisible": true,
			"infiniteDistance": false,
			"pickable": true,
			"receiveShadows": false,
			"billboardMode": 0,
			"visibility": 1,
			"checkCollisions": false,
			"isBlocker": false,
			"overrideMaterialSideOrientation": 0,
			"parentId": "8ad5d36c-7577-4a4a-802f-16d7b99bea46",
			"isUnIndexed": false,
			"geometryUniqueId": 130,
			"geometryId": "5288edf9-cd4e-4d4b-b402-eb5de2ea6463",
			"subMeshes": null,
			"materialUniqueId": 169,
			"materialId": "c0cd55e4-e077-45f8-a30a-29dba286a1ff",
			"metadata": {
				"gltf": {
					"pointers": [
						"/meshes/0/primitives/0",
						"/nodes/0"
					]
				},
				"basePoseMatrix": {
					"0": 1,
					"1": 0,
					"2": 3.2584136988589307e-7,
					"3": 0,
					"4": 0,
					"5": 1,
					"6": 0,
					"7": 0,
					"8": 3.2584136988589307e-7,
					"9": 0,
					"10": -1,
					"11": 0,
					"12": 1.2429861827312205e-11,
					"13": -165.0000457763672,
					"14": -0.00003814697265625,
					"15": 1
				},
				"originalSourceFile": {
					"id": "s_001",
					"name": "s_001",
					"sceneFileName": "demo.glb"
				},
				"isPickable": true
			},
			"instances": [],
			"animations": [],
			"ranges": [],
			"layerMask": 268435455,
			"alphaIndex": 1.7976931348623157e+308,
			"hasVertexAlpha": false,
			"overlayAlpha": 0.5,
			"overlayColor": [
				1,
				0,
				0
			],
			"applyFog": true,
			"delayLoadingFile": "geometries/5288edf9-cd4e-4d4b-b402-eb5de2ea6463.babylonbinarymeshdata",
			"boundingBoxMaximum": [
				133.00001525878906,
				74.50000762939453,
				0.000005813615189254051
			],
			"boundingBoxMinimum": [
				-133.00001525878906,
				-74.50000762939453,
				-0.000005813615189254051
			],
			"_binaryInfo": {
				"positionsAttrDesc": {
					"count": 12,
					"stride": 3,
					"offset": 0,
					"dataType": 1
				},
				"normalsAttrDesc": {
					"count": 12,
					"stride": 3,
					"offset": 48,
					"dataType": 1
				},
				"uvsAttrDesc": {
					"count": 8,
					"stride": 2,
					"offset": 96,
					"dataType": 1
				},
				"indicesAttrDesc": {
					"count": 6,
					"stride": 1,
					"offset": 128,
					"dataType": 0
				},
				"subMeshesAttrDesc": {
					"count": 1,
					"stride": 5,
					"offset": 152,
					"dataType": 0
				}
			},
			"positions": null,
			"normals": null,
			"uvs": null,
			"hasUVs": true,
			"indices": null
		}
	],
	"multiMaterials": [],
	"lods": []
}